일어 기사 제목,기사 링크,게재 일시,회사명(원문),회사 프로필 링크,업종,본사 주소,전화번호,대표자명,상장 여부,자본금,설립일,공식 URL,SNS X,SNS Facebook,SNS YouTube,이메일,문의 웹사이트 URL
"【愛知県・名古屋市】有松駅直結！マシンピラティス専門スタジオ「pilates K（ピラティスケー）」が2月10日(...
5分前
ロイブ",https://prtimes.jp/main/html/rd/p/000000296.000020775.html,2026年2月10日 16時30分,ロイブ,https://prtimes.jp/main/html/searchrlp/company_id/20775,サービス業,北海道札幌市北区北7条西4丁目5-1 伊藤110ビル 4階,011-299-2730,前川彩香,東証グロース,5億6749万円,2008年04月,https://loive.co.jp/,,,,,https://pilates-k.jp/studio/aichi/arimatsu
"トム フォード ソレイユ ネージュ オード パルファム スプレィ、シグネチャー コレクションに加わり新登場
5分前
トム フォード ビューティ",https://prtimes.jp/main/html/rd/p/000000074.000081674.html,2026年2月10日 16時29分,トム フォード ビューティ,https://prtimes.jp/main/html/searchrlp/company_id/81674,商業（卸売業、小売業）,東京都千代田区丸の内3丁目2番3号 丸の内二重橋ビルディング 20階,03-6625-1111,-,未上場,-,-,-,,,,,
"名古屋駅徒歩5分の都市型サウナ「SAUNA MONKEY」が2/14に1周年！感謝を込めた“1周年祭”を2/11〜2/15開催
8分前
株式会社丸泰",https://prtimes.jp/main/html/rd/p/000000011.000124666.html,2026年2月10日 16時27分,株式会社丸泰,https://prtimes.jp/main/html/searchrlp/company_id/124666,建設業,岐阜県岐阜市領下6-46,058-246-5181,伊藤寛章,未上場,5000万円,1951年01月,https://www.maruyasu-gr.co.jp,,,,,https://youtu.be/Ctw1m_qBLoM?si=BydN0i6UcqFPVaIX
"TeAmo1MONTHのシリコーンハイドロゲルカラコンにDIA15mmの“とろけるミルキーカラー”2色が新登場！
22分前
株式会社Lcode",https://prtimes.jp/main/html/rd/p/000000111.000020681.html,2026年2月10日 16時13分,株式会社Lcode,https://prtimes.jp/main/html/searchrlp/company_id/20681,商業（卸売業、小売業）,大阪市中央区久太郎町3-4-28 センバフロント8F,06-6244-0887,藤原智洋,未上場,9億円,2012年02月,https://lcode.co.jp/,,,,,https://teacon.jp/type/1month_silicone/
"【神奈川県・横浜市】マシンピラティス専門スタジオ「pilates K（ピラティスケー）」が2月10日(火)、ドン・キ...
25分前
ロイブ",https://prtimes.jp/main/html/rd/p/000000295.000020775.html,2026年2月10日 16時10分,ロイブ,https://prtimes.jp/main/html/searchrlp/company_id/20775,サービス業,北海道札幌市北区北7条西4丁目5-1 伊藤110ビル 4階,011-299-2730,前川彩香,東証グロース,5億6749万円,2008年04月,https://loive.co.jp/,,,,,https://pilates-k.jp/studio/kanagawa/futamatagawa
"【ロクシタン】渋谷店が、渋谷区から感謝状。「きれいなまちづくり」に貢献。
42分前
ロクシタンジャポン株式会社",https://prtimes.jp/main/html/rd/p/000000621.000011965.html,2026年2月10日 15時52分,ロクシタンジャポン株式会社,https://prtimes.jp/main/html/searchrlp/company_id/11965,製造業,東京都千代田区麹町1-6-4 住友不動産半蔵門駅前ビル10階,03-3234-6966,山本 直樹,海外市場,1億円,-,http://www.loccitane.co.jp/info/company.html,,,,,https://jp.loccitane.com/
"メデリピルの公式LINE友だち登録者数が50万人突破！
42分前
mederi株式会社",https://prtimes.jp/main/html/rd/p/000000171.000054252.html,2026年2月10日 15時52分,mederi株式会社,https://prtimes.jp/main/html/searchrlp/company_id/54252,サービス業,東京都目黒区大橋2-22-6-5F,-,坂梨亜里咲,未上場,-,2019年08月,https://mederi.jp/,,,,pr@mederi.jp,https://mederi.jp
"3月8日は「国際女性デー」。鮮やかで幸福感あふれる“ミモザの花束”を香りで届ける「ミモザブーケ コレクション」
1時間前
株式会社FERNANDA JAPAN",https://prtimes.jp/main/html/rd/p/000000093.000018938.html,2026年2月10日 15時30分,株式会社FERNANDA JAPAN,https://prtimes.jp/main/html/searchrlp/company_id/18938,商業（卸売業、小売業）,神奈川県横浜市中区尾上町2-19 ヨコハマパークビル9階,045-228-7789,流合貴之,未上場,-,2010年08月,https://www.fernanda.jp/,,,,info@fernanda.jp,https://fernanda.jp/
"アルヌール、TOKYOでパブロバ等の微細藻類を培養
1時間前
パス株式会社",https://prtimes.jp/main/html/rd/p/000000127.000072966.html,2026年2月10日 15時30分,パス株式会社,https://prtimes.jp/main/html/searchrlp/company_id/72966,商業（卸売業、小売業）,東京都渋谷区神宮前6-17-11 JPR原宿ビル,03-6823-6664,松尾 孝之,東証スタンダード,18億5176万円,1990年05月,http://www.pathway.co.jp,,,,,https://www.alnur.jp/
"matsukiyo LAB（マツキヨラボ）のSUPPLEMENT Bar（サプリメントバー）がリブランディング「Supup（サップアッ...
1時間前
株式会社マツキヨココカラ＆カンパニー",https://prtimes.jp/main/html/rd/p/000000169.000089283.html,2026年2月10日 15時30分,株式会社マツキヨココカラ＆カンパニー,https://prtimes.jp/main/html/searchrlp/company_id/89283,商業（卸売業、小売業）,東京都文京区湯島1丁目8番2号 MK御茶ノ水ビル7階,03-6845-0005,松本 清雄,東証1部,-,2007年10月,-,,,,,https://www.matsukiyococokara-online.com/mkc/matsukiyolab/service/supplement.html
"2/ 11(水・祝)～3/22(日)開催 第130回記念水戸の梅まつり　「偕楽園の梅ハンドクリーム」
1時間前
株式会社 鈴木ハーブ研究所",https://prtimes.jp/main/html/rd/p/000000167.000076897.html,2026年2月10日 15時10分,株式会社 鈴木ハーブ研究所,https://prtimes.jp/main/html/searchrlp/company_id/76897,商業（卸売業、小売業）,茨城県那珂郡東海村村松2461,029-282-8881,鈴木 さちよ,未上場,-,2004年09月,https://s-herb.com,,,,,https://s-herb.com
"フランス生まれのナチュラルミネラルウォーター「コントレックス」、ブランドカラーの“ピンクの吊手広告”を電...
1時間前
株式会社大香",https://prtimes.jp/main/html/rd/p/000000011.000145812.html,2026年2月10日 15時04分,株式会社大香,https://prtimes.jp/main/html/searchrlp/company_id/145812,商業（卸売業、小売業）,東京都中央区銀座3-2-10 並木ビル4階,03-3567-8456,小仲 正也,未上場,4000万円,1965年07月,https://www.daiko-inc.co.jp/,,,,,https://www.contrex.jp/「コントレックス」で検索
"【福岡のU30向けキャリア形成】eatas代表 手嶋英津子が、国連広報局NGO「福岡国際ミズの会」主催イベントに登...
1時間前
eatas株式会社",https://prtimes.jp/main/html/rd/p/000000036.000077218.html,2026年2月10日 15時02分,eatas株式会社,https://prtimes.jp/main/html/searchrlp/company_id/77218,医療・福祉,福岡市中央区大名1-3-41 プリオ大名ビル2F,090-9493-8313,手嶋英津子,未上場,760万円,2021年03月,https://eatas-inc.com/,,,,info@eatas-inc.com,https://kokusai-mizu.p-kit.com/
"小中学生の子を持つ親の約6割が、子どもとの共通の趣味があると回答！ノアインドアステージ株式会社が「小中...
1時間前
ノアインドアステージ株式会社",https://prtimes.jp/main/html/rd/p/000000097.000031394.html,2026年2月10日 15時00分,ノアインドアステージ株式会社,https://prtimes.jp/main/html/searchrlp/company_id/31394,サービス業,兵庫県姫路市東山524,079-246-2069,大西雅之,未上場,5000万円,1980年05月,https://www.noahis.com/corp/,,,,,https://noahis.com/
"ライフスタイルブランド〈NNN〉公式サイトリニューアルオープン＆第２弾イベント開催 あなたに合ったスキンケ...
1時間前
株式会社GENUINENESS JAPAN",https://prtimes.jp/main/html/rd/p/000000022.000164545.html,2026年2月10日 15時00分,株式会社GENUINENESS JAPAN,https://prtimes.jp/main/html/searchrlp/company_id/164545,商業（卸売業、小売業）,東京都渋谷区道玄坂1丁目19-12 道玄坂今井ビル4F,03-584-0028,文忠烈,未上場,-,2024年03月,-,,,,,https://www.nnnlifestyle.jp/
"～絶対やかない氷冷UV～『サンカット®』から、汗をかくたびひんやり気持ちいい　「クールUV　プロテクトスプ...
1時間前
コーセーコスメポート株式会社",https://prtimes.jp/main/html/rd/p/000000354.000064425.html,2026年2月10日 15時00分,コーセーコスメポート株式会社,https://prtimes.jp/main/html/searchrlp/company_id/64425,商業（卸売業、小売業）,東京都中央区八丁堀1-2-8,03-6771-7613,小林孝雄,未上場,3000万円,1988年07月,https://www.kosecosmeport.co.jp/,,,,pr@kosecosmeport.co.jp,https://www.suncut-uv.com/
"女性が、より「ととのう」ウェルネスへ。シックスセンシズ 京都とフェムケアブランド「YOJOY」によるイベント...
1時間前
シックスセンシズ京都",https://prtimes.jp/main/html/rd/p/000000021.000133512.html,2026年2月10日 15時00分,シックスセンシズ京都,https://prtimes.jp/main/html/searchrlp/company_id/133512,飲食店・宿泊業,京都府京都市東山区妙法院前側町431,-,ニコラス　ブラック,未上場,-,-,-,,,,,https://www.sixsenses.com/jp/kyoto
"ヴェレダ「数量限定 ベストセラーセット 発売記念」 SNS投稿レポーター募集！
1時間前
ヴェレダ･ジャパン",https://prtimes.jp/main/html/rd/p/000000263.000008079.html,2026年2月10日 14時53分,ヴェレダ･ジャパン,https://prtimes.jp/main/html/searchrlp/company_id/8079,商業（卸売業、小売業）,東京都渋谷区恵比寿1丁目13番6号 恵比寿ＩＳビル2Ｆ,050-3655-0890,萩原吉晃,未上場,1000万円,1999年06月,http://www.weleda.jp/index.php,,,,,http://www.weleda.jp
"《2026年・新習慣》「整え」から「浄化」へ。その空気、3秒でリフレッシュ。世界中の“聖なる植物”の香りを凝...
1時間前
有限会社 西欧館",https://prtimes.jp/main/html/rd/p/000000009.000176360.html,2026年2月10日 14時47分,有限会社 西欧館,https://prtimes.jp/main/html/searchrlp/company_id/176360,製造業,宮城県仙台市青葉区大町一丁目1-1-18 西欧館ビル 最上階,022-797-5292,吉田顕二郎,未上場,1000万円,1980年05月,https://www.seiokan.net/,,,,,https://lessentiel.thebase.in/items/134783679
"暗闇ボクシング「b-monster」スタジオをランニングステーションとして開放　コミュニティラン「b-run station...
1時間前
株式会社ワールドフィット",https://prtimes.jp/main/html/rd/p/000000146.000081179.html,2026年2月10日 14時39分,株式会社ワールドフィット,https://prtimes.jp/main/html/searchrlp/company_id/81179,サービス業,東京都渋谷区富ケ谷１丁目３７−５ 白寿本社ビル 4F,03-5778-4167,高城大樹,未上場,2000万円,2017年04月,https://world-fit.co.jp/,,,,wf-corporate-pr@world-fit.co.jp,https://world-fit.co.jp/
"＜ナチュラルコスメブランドLUSH＞愛らしいウサギたちとお風呂でエッグハント！イースターを盛り上げるバスア...
2時間前
ラッシュジャパン合同会社",https://prtimes.jp/main/html/rd/p/000000691.000006160.html,2026年2月10日 14時30分,ラッシュジャパン合同会社,https://prtimes.jp/main/html/searchrlp/company_id/6160,商業（卸売業、小売業）,神奈川県愛甲郡愛川町中津4027番3,-,ロウィーナ・バード,未上場,-,-,http://www.lush.co.jp,,,,support@lush.co.jp,https://www.lush.com/jp/ja/c/easter-gifts（全商品はこちらからご覧いただけます）
"男性のスキンケア習慣と美容への興味、初めて4割超
2時間前
株式会社ナリス化粧品",https://prtimes.jp/main/html/rd/p/000000460.000025614.html,2026年2月10日 14時30分,株式会社ナリス化粧品,https://prtimes.jp/main/html/searchrlp/company_id/25614,製造業,大阪府大阪市福島区海老江1－11－17,06-6458-5801,村岡弘義,未上場,16億円,1932年04月,http://www.naris.co.jp,,,,,https://www.naris.co.jp/
"仙台市「アルーク・ウゴーク月間 第2弾」事業に参画し、アプリを活用した健康づくりを後押しします
2時間前
ライフログテクノロジー株式会社",https://prtimes.jp/main/html/rd/p/000000204.000018894.html,2026年2月10日 14時00分,ライフログテクノロジー株式会社,https://prtimes.jp/main/html/searchrlp/company_id/18894,情報通信,東京都中央区日本橋三丁目2番14号　新槇町ビル別館第一 1階,-,棚橋繁行,未上場,6億1956万円,2016年02月,http://calomeal.com/,,,,pr@calomeal.com,https://aru-kuworksendai.jp/aru-ku_ugo-ku/
"【名古屋初上陸】K-POPアイドルや女優御用達の技術を体験！韓国メイクアップサロン「YU1L×JOY187」が松坂屋名...
2時間前
株式会社シルキースタイル",https://prtimes.jp/main/html/rd/p/000000110.000047996.html,2026年2月10日 14時00分,株式会社シルキースタイル,https://prtimes.jp/main/html/searchrlp/company_id/47996,商業（卸売業、小売業）,東京都港区浜松町2-13-12 RiseWellビル　3F,03-5401-3031,雲林院　奈央子　上田　美央,未上場,3000万円,-,https://www.silky-style.com,,,,contact@yu1l.jp,http://www.yu1l.jp/
"東京都狛江市教育委員会と「部活動の地域展開に関する包括連携協定」を締結
2時間前
株式会社ルネサンス",https://prtimes.jp/main/html/rd/p/000000408.000027019.html,2026年2月10日 14時00分,株式会社ルネサンス,https://prtimes.jp/main/html/searchrlp/company_id/27019,サービス業,東京都墨田区両国2-10-14 両国シティコア3F,03-5600-5411,望月 美佐緒,東証プライム,32億1035万円,1982年08月,https://www.s-renaissance.co.jp/,,,,,https://www.komae.ed.jp/
"韓国NO.1*ダーマコスメブランド「AESTURA」「アトバリア365」シリーズ初クレンジングフォーム誕生！泡洗顔料...
2時間前
アモーレパシフィックジャパン株式会社",https://prtimes.jp/main/html/rd/p/000000040.000119328.html,2026年2月10日 14時00分,アモーレパシフィックジャパン株式会社,https://prtimes.jp/main/html/searchrlp/company_id/119328,製造業,東京都渋谷区広尾1-1-39 恵比寿プライムスクエア 18階,03-5561-6800,ナ・ジョンギュン,未上場,-,2005年02月,https://www.apgroup.com/jp/ja/,,,,,https://www.apgroup.com/jp/ja/
"独自の白玉ビタミン複合体が肌回復力を支えるミトコンドリア活性を1.67倍向上
2時間前
株式会社ハイサイド",https://prtimes.jp/main/html/rd/p/000000116.000054895.html,2026年2月10日 14時00分,株式会社ハイサイド,https://prtimes.jp/main/html/searchrlp/company_id/54895,商業（卸売業、小売業）,東京都目黒区中目黒1-10-23-2F,03-5768-9466,根津崇,未上場,-,2003年03月,https://www.hsco.co.jp,,,,,https://www.ampleur.jp/
"肌と心に寄り添う、「N organic」の新・花粉対策。“花粉爆発”を防いで落とす「Basic スージング クレンジング...
2時間前
株式会社シロク",https://prtimes.jp/main/html/rd/p/000000171.000057605.html,2026年2月10日 14時00分,株式会社シロク,https://prtimes.jp/main/html/searchrlp/company_id/57605,商業（卸売業、小売業）,宇田川町40－1,-,飯塚勇太,未上場,5000万円,2011年12月,https://sirok.co.jp/,,,,,https://sirok.jp/ads/VAh38zboU37xeU3q?preview=1）
"ファンと一緒にVALXを創る場所『VALX “FUN” コミュニティ』が誕生！
3時間前
VALX株式会社",https://prtimes.jp/main/html/rd/p/000000598.000024045.html,2026年2月10日 13時20分,VALX株式会社,https://prtimes.jp/main/html/searchrlp/company_id/24045,商業（卸売業、小売業）,東京都渋谷区南平台町16-11 MFPR渋谷南平台ビル3F,03-6455-0045,只石昌幸,未上場,9000万円,2006年05月,https://corp.valx.jp/,,,,,https://shop.valx.jp/
"話題の角栓溶解成分トロメタミン*¹配合　貼ってふき取るだけで毛穴つるん*²！鼻用美容液パックが2026年2月10...
3時間前
株式会社スタイリングライフ・ホールディングス　BCLカンパニー",https://prtimes.jp/main/html/rd/p/000000487.000038303.html,2026年2月10日 13時00分,株式会社スタイリングライフ・ホールディングス　BCLカンパニー,https://prtimes.jp/main/html/searchrlp/company_id/38303,製造業,東京都新宿区北新宿2-21-1 新宿フロントタワー27Ｆ,-,大村和重,未上場,-,-,https://www.bcl-brand.jp/,,,,,https://www.bcl-brand.jp/brand/tsururi/
"守りぬく、満ちてゆく。UV美容乳液『ドレススノー デイ・パーフェクトUV』2026年3月15日(日) 新発売
3時間前
株式会社アテニア",https://prtimes.jp/main/html/rd/p/000000403.000010341.html,2026年2月10日 13時00分,株式会社アテニア,https://prtimes.jp/main/html/searchrlp/company_id/10341,商業（卸売業、小売業）,神奈川県横浜市中区山下町89-1　 ファンケルビル6F,045-226-1452,保坂嘉久,未上場,1億5000万円,1989年02月,https://www.attenir.co.jp/index.html,,,,,https://www.attenir.co.jp/
"Anua、“ビタミン美容液発想”で、紫外線対策と日中ケアを両立するUVケアが登場 トーンアップUVクリーム＆サン...
3時間前
株式会社The Founders JAPAN",https://prtimes.jp/main/html/rd/p/000000045.000126707.html,2026年2月10日 13時00分,株式会社The Founders JAPAN,https://prtimes.jp/main/html/searchrlp/company_id/126707,製造業,東京都渋谷区幡ヶ谷 3-39-12渋谷ウエストビル１階,-,李昶周,未上場,100万円,2022年04月,https://www.anuashop.jp/,,,,,https://www.anuashop.jp/
"ブロー時間30％短縮※で、ヘアドライをもっと快適に ダイアン パーフェクトビューティーから ひんやりクールに...
3時間前
株式会社ネイチャーラボ",https://prtimes.jp/main/html/rd/p/000000603.000017718.html,2026年2月10日 13時00分,株式会社ネイチャーラボ,https://prtimes.jp/main/html/searchrlp/company_id/17718,商業（卸売業、小売業）,東京都渋谷区広尾1-1-39 恵比寿プライムスクエアタワー11F,03-5774-8866,安田昌夫,未上場,3000万円,1997年09月,http://www.naturelab.co.jp/,,,,,https://www.moist-diane.jp
"歩いて貯まるポイ活アプリ「Pitme（ピットミー）」をリリース
3時間前
株式会社セレス",https://prtimes.jp/main/html/rd/p/000000273.000021504.html,2026年2月10日 13時00分,株式会社セレス,https://prtimes.jp/main/html/searchrlp/company_id/21504,情報通信,東京都渋谷区桜丘町 1番1号 渋谷サクラステージ SHIBUYAタワー21階,03-6455-3756,都木　聡,東証プライム,20億4639万円,2005年01月,https://ceres-inc.jp/,,,,,https://pitme.jp/release/
"神奈川県4店舗目！藤沢市内初出店！ アミューズメントフィットネスクラブ FIT-EASY 藤沢駅前店がグランドオー...
3時間前
フィットイージー株式会社",https://prtimes.jp/main/html/rd/p/000000776.000099487.html,2026年2月10日 13時00分,フィットイージー株式会社,https://prtimes.jp/main/html/searchrlp/company_id/99487,サービス業,岐阜県岐阜市本町三丁目2番地1,058-215-8744,國江仙嗣,東証プライム,13億5600万円,2018年07月,https://fiteasy.jp/,,,,,https://lp.fiteasy.jp/lp-kanagawa-fujisawaekimae/
"感謝や応援の気持ちを伝えるシーズンに 『MARY QUANT ESSENTIALS』から、春の訪れを感じさせる2種類の香りの...
3時間前
株式会社 マリークヮント コスメチックス",https://prtimes.jp/main/html/rd/p/000000157.000052030.html,2026年2月10日 13時00分,株式会社 マリークヮント コスメチックス,https://prtimes.jp/main/html/searchrlp/company_id/52030,商業（卸売業、小売業）,東京都江東区豊洲3丁目3番3号 豊洲センタービル4F,-,陶　正治,未上場,7200万円,2011年11月,http://www.maryquant.co.jp/,,,,,https://www.mq-onlineshop.com/ext/cosme/essentials2602.html
"パーソナライズプロテインの「FUJIMI」 とプロのヘアケアを自宅で叶える「GINZUBA」が渋谷スクランブルスクエ...
3時間前
トリコ株式会社",https://prtimes.jp/main/html/rd/p/000000077.000041495.html,2026年2月10日 13時00分,トリコ株式会社,https://prtimes.jp/main/html/searchrlp/company_id/41495,サービス業,東京都新宿区新宿2-3-15 5F,03-6416-4866,花房香那,未上場,1億8600万円,2018年04月,https://tricot-inc.com/,,,,press@tricot-inc.com,https://tricot-inc.com/
"【梅宮アンナさん✕リソウ✕NETSEAMallLive】美容メーカー「リソウ」の人気商品をTikTok Shopで特別配信！
3時間前
オークファン",https://prtimes.jp/main/html/rd/p/000000498.000008833.html,2026年2月10日 13時00分,オークファン,https://prtimes.jp/main/html/searchrlp/company_id/8833,情報通信,東京都品川区北品川5-1-18 住友不動産大崎ツインビル東館７F,03-6809-0951,武永 修一,東証グロース,9億7368万円,2007年06月,https://aucfan.co.jp/,,,,,http://www.risou.com/
"振りかけるだけで食物繊維が摂れる画期的な米加工品 〜JA北大阪「フリタス(FURI+)」開発プロジェクト発表〜
3時間前
北大阪農業協同組合",https://prtimes.jp/main/html/rd/p/000000002.000154697.html,2026年2月10日 13時00分,北大阪農業協同組合,https://prtimes.jp/main/html/searchrlp/company_id/154697,水産・農林業,大阪府吹田市山田西4-15-1,-,川上　光男,未上場,17億6102万円,1989年09月,https://ja-kitaosaka.or.jp/,,,,info@store-ja-kitaosaka.jp,https://store-ja-kitaosaka.jp/pages/furitas-wemai
"沖縄県内3店舗目！浦添市初出店！ アミューズメントフィットネスクラブ FIT-EASY ピーズスクエア浦添店がグラ...
3時間前
フィットイージー株式会社",https://prtimes.jp/main/html/rd/p/000000774.000099487.html,2026年2月10日 13時00分,フィットイージー株式会社,https://prtimes.jp/main/html/searchrlp/company_id/99487,サービス業,岐阜県岐阜市本町三丁目2番地1,058-215-8744,國江仙嗣,東証プライム,13億5600万円,2018年07月,https://fiteasy.jp/,,,,,https://lp.fiteasy.jp/lp-okinawa-pssquareurasoe/
"大阪市平野区内初出店！ アミューズメントフィットネスクラブ FIT-EASY 長吉長原店がグランドオープンしま…
3時間前
フィットイージー株式会社
フィットイージー株式会社",https://prtimes.jp/main/html/rd/p/000000775.000099487.html,2026年2月10日 13時00分,フィットイージー株式会社,https://prtimes.jp/main/html/searchrlp/company_id/99487,サービス業,岐阜県岐阜市本町三丁目2番地1,058-215-8744,國江仙嗣,東証プライム,13億5600万円,2018年07月,https://fiteasy.jp/,,,,,https://lp.fiteasy.jp/lp-osaka-nagayoshinagahara/
"経済産業省 令和７年度「フェムテック等サポートサービス実証事業費補助金」最終報告会（３月2日）のご案内
3時間前
株式会社朝日広告社
株式会社朝日広告社",https://prtimes.jp/main/html/rd/p/000000081.000089360.html,2026年2月10日 12時50分,株式会社朝日広告社,https://prtimes.jp/main/html/searchrlp/company_id/89360,サービス業,東京都中央区銀座7-16-12 G7ビル,03-3547-5400,福地献一,未上場,1億円,1924年11月,https://www.asakonet.co.jp/,,,,meti_femtech@m.asakonet.co.jp,https://www.femtech-projects.jp/
"【グロウナビ】【調査レポート】シミ取りレーザー経験者100名に徹底アンケート調査｜料金相場は1～2万円
4時間前
株式会社ゼロアクセル
株式会社ゼロアクセル",https://prtimes.jp/main/html/rd/p/000000476.000117030.html,2026年2月10日 12時34分,株式会社ゼロアクセル,https://prtimes.jp/main/html/searchrlp/company_id/117030,情報通信,東京都千代田区麹町5-3-23 日テレ四谷ビル 10F,-,大福裕貴,未上場,-,2020年04月,-,,,,,https://zero-accel.co.jp/
"【新生活応援・新車セール】自転車メーカーホダカ オンラインショップにて開催
4時間前
ホダカ株式会社
ホダカ株式会社",https://prtimes.jp/main/html/rd/p/000000013.000102492.html,2026年2月10日 12時04分,ホダカ株式会社,https://prtimes.jp/main/html/searchrlp/company_id/102492,製造業,埼玉県越谷市流通団地1-1-9,048-985-2000,堀田宗男,未上場,1億円,1972年07月,https://www.hodaka-bicycles.jp/,,,,,https://hodaka-bicycles.square.site/shop/3/6M3YWBNT3RCJFVGQOHSDPEJZ
"毛穴*の凸凹を隠して、つるんっ！となめらかな肌へ　カバー*¹だけでなくケアもできる毛穴*消し*¹クリームが20…
4時間前
株式会社スタイリングライフ・ホールディングス　BCLカンパニー
株式会社スタイリングライフ・ホールディングス　BCLカンパニー",https://prtimes.jp/main/html/rd/p/000000488.000038303.html,2026年2月10日 12時00分,株式会社スタイリングライフ・ホールディングス　BCLカンパニー,https://prtimes.jp/main/html/searchrlp/company_id/38303,製造業,東京都新宿区北新宿2-21-1 新宿フロントタワー27Ｆ,-,大村和重,未上場,-,-,https://www.bcl-brand.jp/,,,,,https://www.bcl-brand.jp/brand/skinhero/
"【鏡の中の違和感は“顔の骨”の萎縮かも！？】整形外科医の多くが指摘する老け見えサインと、骨や筋肉の健康維持に欠…
4時間前
株式会社マナビス化粧品
株式会社マナビス化粧品",https://prtimes.jp/main/html/rd/p/000000019.000124389.html,2026年2月10日 12時00分,株式会社マナビス化粧品,https://prtimes.jp/main/html/searchrlp/company_id/124389,サービス業,千葉県浦安市千鳥15-9,-,兼子慎一,未上場,-,-,https://www.manavis-cosme.co.jp/,,,,,https://www.manavis-cosme.co.jp/）は、整形外科医を対象に、「生活者のビタミンDの認知ギャップ」に関する調査を実施しました。
"今日も一日がんばった足に。コリ・血流改善ができる管理医療機器サポーター『bloom me 磁気付き足指サポータ…
4時間前
株式会社アルファックス
株式会社アルファックス",https://prtimes.jp/main/html/rd/p/000000157.000059924.html,2026年2月10日 12時00分,株式会社アルファックス,https://prtimes.jp/main/html/searchrlp/company_id/59924,商業（卸売業、小売業）,大阪市中央区 内平野町2-1-9シグナスビル4F,-,由良 充啓,未上場,-,1999年10月,http://www.al-phax.co.jp/,,,,,https://www.al-phax.co.jp/brand/bloomme/
"【LIPS月間トレンド賞】春めくムードを唇に宿す「宝石ラメ」、洗練アイの土台となる「目もと集中ケア」など、SN…
4時間前
株式会社AppBrew
株式会社AppBrew",https://prtimes.jp/main/html/rd/p/000000268.000018721.html,2026年2月10日 12時00分,株式会社AppBrew,https://prtimes.jp/main/html/searchrlp/company_id/18721,情報通信,東京都文京区本郷1丁目11-6 東接本郷ビル 4F,03-3868-3329,松田崇,未上場,16億1000万円,2016年02月,http://appbrew.io,,,,pr@appbrew.io,https://lipscosme.com/products/682323
"＜SNSで話題＞コラーゲン由来の“第３のプロテイン”【Collatein（コラテイン）】好調につき、ロフト一部…
4時間前
株式会社Ｉ－ｎｅ
株式会社Ｉ－ｎｅ",https://prtimes.jp/main/html/rd/p/000000900.000012002.html,2026年2月10日 12時00分,株式会社Ｉ－ｎｅ,https://prtimes.jp/main/html/searchrlp/company_id/12002,商業（卸売業、小売業）,大阪府大阪市中央区南久宝寺町4-1-2　 御堂筋ダイビル8階,06-6443-0881,大西洋平,東証プライム,5000万円,2007年03月,https://i-ne.co.jp/,,,,,https://www.instagram.com/collatein_official/
"【タカミスキンピール】累計ベストコスメ 106冠*¹受賞。
4時間前
タカミ
タカミ",https://prtimes.jp/main/html/rd/p/000000137.000024471.html,2026年2月10日 12時00分,タカミ,https://prtimes.jp/main/html/searchrlp/company_id/24471,商業（卸売業、小売業）,東京都新宿区西新宿3-7-1 新宿パークタワー,03-6911-8100,ジャン-ピエール・シャリトン,未上場,-,-,https://www.takami-labo.com/,,,,,https://www.takami-labo.com/special/lotion/?yclid=YSS.EAIaIQobChMI3qLcuNCojwMVRwp7Bx2VYyO8EAAYASAAEgJepvD_BwE
"新発売：ビューティープロテインに新フレーバー〈白桃風味／カフェラテ風味〉が登場
4時間前
株式会社ULTORA
株式会社ULTORA",https://prtimes.jp/main/html/rd/p/000000025.000052218.html,2026年2月10日 12時00分,株式会社ULTORA,https://prtimes.jp/main/html/searchrlp/company_id/52218,商業（卸売業、小売業）,東京都渋谷区恵比寿4-20-3 恵比寿ガーデンプレイス18F,03-6459-3100,山崎 玲,未上場,900万円,2019年08月,https://ultora.co.jp,,,,info@ultora.co.jp,https://ultora.co.jp
"”マッチョ×介護士“株式会社ビジョナリー　フィットネス実業団「7SEAS　FITNESS」期待の新メンバー2名…
4時間前
株式会社ビジョナリー
株式会社ビジョナリー",https://prtimes.jp/main/html/rd/p/000000092.000111248.html,2026年2月10日 11時59分,株式会社ビジョナリー,https://prtimes.jp/main/html/searchrlp/company_id/111248,医療・福祉,愛知県名古屋市中区栄1−18−9 TPBビル5階,052-218-2571,丹羽悠介,-,-,2008年05月,https://visionary.day/,,,,visionary_pr@visionary.day,https://7seas.visionary.day/
"明治製薬、初の会員制ラウンジをオープン
4時間前
株式会社ラッキー
株式会社ラッキー",https://prtimes.jp/main/html/rd/p/000000040.000064368.html,2026年2月10日 11時46分,株式会社ラッキー,https://prtimes.jp/main/html/searchrlp/company_id/64368,商業（卸売業、小売業）,東京都豊島区池袋3丁目67‐10,03-6912-5922,小泉　優衣,未上場,3000万円,2010年04月,https://www.lucky-tokyo.com/,,,,,https://meijiseiyaku.co.jp/
"マットレス迷子になった人多数？購入者の約5割が「失敗・後悔したことがある」と実感
4時間前
ムーンムーン株式会社
ムーンムーン株式会社",https://prtimes.jp/main/html/rd/p/000000076.000023848.html,2026年2月10日 11時42分,ムーンムーン株式会社,https://prtimes.jp/main/html/searchrlp/company_id/23848,商業（卸売業、小売業）,熊本県熊本市中央区神水1-24-6 建神ビル8F,096-288-9069,竹田浩一,未上場,-,2011年07月,http://moonmoon.biz/,,,,,https://intiinti.com/goodsleep/）を記載してください。
"累計販売数300万点を突破した日焼け対策アイテム「ヤケーヌ」より、アームカバーが待望のリニューアル！「ヤケーヌ…
5時間前
株式会社丸福繊維
株式会社丸福繊維",https://prtimes.jp/main/html/rd/p/000000053.000117347.html,2026年2月10日 11時30分,株式会社丸福繊維,https://prtimes.jp/main/html/searchrlp/company_id/117347,商業（卸売業、小売業）,愛知県西尾市戸ケ崎町豊美5番地,0563-54-2525,村瀬智之,未上場,1000万円,1952年07月,https://www.marufuku.ne.jp/,,,,,https://yake-nu.shop-pro.jp/?pid=172331783）
"ISOIから新シートマスク「ドクダミポアマスク」「プラムグローマスク」が全国発売開始
5時間前
Jayeonin Inc.
Jayeonin Inc.",https://prtimes.jp/main/html/rd/p/000000001.000175792.html,2026年2月10日 11時29分,Jayeonin Inc.,https://prtimes.jp/main/html/searchrlp/company_id/175792,商業（卸売業、小売業）,"4th floor, 21, Eonju-ro 133-gil, Gangnam-gu, Seoul, Republic of Korea 06053",-,Jinmin Lee,未上場,-,-,-,,,,overseas@isoi.co.kr,https://www.instagram.com/isoi_japan/
"AI×ポジティブ認知行動療法による自己実現支援型メンタルケアアプリ「Welloom」正式リリース
5時間前
株式会社ピノビスタ
株式会社ピノビスタ",https://prtimes.jp/main/html/rd/p/000000008.000172925.html,2026年2月10日 11時18分,株式会社ピノビスタ,https://prtimes.jp/main/html/searchrlp/company_id/172925,情報通信,長野県諏訪郡富士見町落合１０７３１−１,050-1730-2510,松井多花,未上場,500万円,2024年12月,https://pinovista.com/,,,,,https://pinovista.com/wip/
"長野県小諸市とエムティーアイ、女性の健康管理支援に関する連携協定を締結！
5時間前
株式会社エムティーアイ
株式会社エムティーアイ",https://prtimes.jp/main/html/rd/p/000001195.000002943.html,2026年2月10日 11時01分,株式会社エムティーアイ,https://prtimes.jp/main/html/searchrlp/company_id/2943,情報通信,東京都新宿区西新宿3-20-2 東京オペラシティ（３５階）,03-5333-6755,前多俊宏,東証プライム,52億1800万円,1996年08月,http://www.mti.co.jp/,,,,,https://lnln.jp/
"【日本初】近視進行抑制治療を目的としたソフトコンタクトレンズ「マイサイト ワンデー」登場、2月10日より全国で…
5時間前
クーパービジョン・ジャパン株式会社
クーパービジョン・ジャパン株式会社",https://prtimes.jp/main/html/rd/p/000000024.000075672.html,2026年2月10日 11時00分,クーパービジョン・ジャパン株式会社,https://prtimes.jp/main/html/searchrlp/company_id/75672,製造業,東京都港区六本木 1-4-5アークヒルズサウスタワー12階,03-6779-5200,クリス・ハーツ,未上場,4億9900万円,2001年07月,https://coopervision.jp/,,,,,https://coopervision.jp/contact-lenses/misight/misight-1day
"2026年3月8日(日)～3月14日(土)は世界緑内障週間「ライトアップ in グリーン運動」
5時間前
日本緑内障学会
日本緑内障学会",https://prtimes.jp/main/html/rd/p/000000015.000023652.html,2026年2月10日 11時00分,日本緑内障学会,https://prtimes.jp/main/html/searchrlp/company_id/23652,医療・福祉,東京都千代田区一ツ橋1-1-1 パレスサイドビル 株式会社毎日学術フォーラム内,03-6267-4550,庄司　信行,未上場,-,1989年10月,http://www.ryokunaisho.jp/index.php,,,,,http://www.ryokunaisho.jp/general/ekigaku/tajimi.php
"日韓共同開発コスメブランド「tilnus（ティルナス）」から光のヴェールをまとったような “ちゅるツヤ肌” を…
5時間前
株式会社Rainmakers
株式会社Rainmakers",https://prtimes.jp/main/html/rd/p/000000259.000084518.html,2026年2月10日 11時00分,株式会社Rainmakers,https://prtimes.jp/main/html/searchrlp/company_id/84518,製造業,東京都中央区新富1-8-9 +SHIFT GINZA EAST 4F,03-6222-9674,宇佐美　眞,未上場,-,2019年01月,-,,,,,https://beautyfarm.co.jp/shop/pages/tilnus
"「シュミテクト やさしく歯周ケア ハブラシ」シリーズがリニューアル
5時間前
Haleonジャパン株式会社
Haleonジャパン株式会社",https://prtimes.jp/main/html/rd/p/000000100.000031922.html,2026年2月10日 11時00分,Haleonジャパン株式会社,https://prtimes.jp/main/html/searchrlp/company_id/31922,製造業,東京都港区赤坂1-8-1 赤坂インターシティAIR,-,野上麻理,未上場,-,-,-,,,,,https://www.haleon.com/jp
"協会けんぽ京都支部が健康経営の実践事例やメリットを紐解く、座談会を開催
5時間前
全国健康保険協会京都支部
全国健康保険協会京都支部",https://prtimes.jp/main/html/rd/p/000000008.000169198.html,2026年2月10日 11時00分,全国健康保険協会京都支部,https://prtimes.jp/main/html/searchrlp/company_id/169198,官公庁・地方自治体,京都府京都市下京区立売東町28-2 大和証券京都ビル2階,-,守殿 俊二,-,-,-,-,,,,,https://kyoto01.kyoukaikenpo.or.jp/contents/07/
"タイ古式マッサージ「BUASAWAN」、期間限定バレンタイン特別企画を2026年2月13日より開催！限定コース…
5時間前
株式会社蓮の花
株式会社蓮の花",https://prtimes.jp/main/html/rd/p/000000002.000175367.html,2026年2月10日 11時00分,株式会社蓮の花,https://prtimes.jp/main/html/searchrlp/company_id/175367,サービス業,東京都中央区銀座1-13-9 栄楽ビル 3F,-,齊藤 美奈子,未上場,-,-,https://buasawan-group.com/,,,,,https://buasawan-group.com/
"美筋ヨガ講師　廣田なお　6冊目の最新作幻冬舎『1日10分！猫背と巻き方を治す-10歳若返りストレッチ』３月４日…
5時間前
合同会社 Link H
合同会社 Link H",https://prtimes.jp/main/html/rd/p/000000013.000118199.html,2026年2月10日 11時00分,合同会社 Link H,https://prtimes.jp/main/html/searchrlp/company_id/118199,サービス業,東京都渋谷区神宮前 六丁目２３番４号 桑野ビル２階,080-4159-0204,廣田菜緒,未上場,-,2023年01月,-,,,,,https://www.amazon.co.jp/dp/4344040120
"12グループにて調査！若い世代や女性のニーズとは？「育毛剤の使用動向に関する調査」
5時間前
丸善製薬株式会社
丸善製薬株式会社",https://prtimes.jp/main/html/rd/p/000000093.000070472.html,2026年2月10日 11時00分,丸善製薬株式会社,https://prtimes.jp/main/html/searchrlp/company_id/70472,製造業,広島県尾道市向東町14703-10,0848-44-2200,日暮　泰広,未上場,9800万円,1949年07月,https://www.maruzenpcy.co.jp/,,,,,https://www.maruzenpcy.co.jp
"こころ、カラダ、解き放つ。発酵生まれの全身リリースセラム、誕生。発酵ビューティ®ソフィスタンスから、ボディ用美…
5時間前
株式会社SDI
株式会社SDI",https://prtimes.jp/main/html/rd/p/000000040.000050628.html,2026年2月10日 11時00分,株式会社SDI,https://prtimes.jp/main/html/searchrlp/company_id/50628,商業（卸売業、小売業）,東京都渋谷区恵比寿南1-15-1 A-PLACE恵比寿南4F,-,細野めぐみ,未上場,-,1995年04月,https://sophistance.jp,,,,info.sophistance@sd-i.co.jp,https://sophistance.jp
"メイクアップブランド「tilnus（ティルナス）」から、光のヴェールをまとったような ""ちゅるツヤ肌"" を叶え…
5時間前
株式会社アイスタイル
株式会社アイスタイル",https://prtimes.jp/main/html/rd/p/000000473.000005126.html,2026年2月10日 11時00分,株式会社アイスタイル,https://prtimes.jp/main/html/searchrlp/company_id/5126,情報通信,東京都港区赤坂一丁目12番32号 アーク森ビル 34階,03-5575-1286,吉松徹郎,東証1部,34億8200万円,-,http://www.istyle.co.jp,,,,istyle-press@istyle.co.jp,https://beautyfarm.co.jp/shop/pages/tilnus
"ワコールは「京都マラソン2026」に協賛。「CW‑X」がウェアと体験イベントでランナーのコンディショニングをサ…
5時間前
株式会社ワコール
株式会社ワコール",https://prtimes.jp/main/html/rd/p/000000753.000009664.html,2026年2月10日 11時00分,株式会社ワコール,https://prtimes.jp/main/html/searchrlp/company_id/9664,製造業,京都府京都市南区吉祥院中島町29,075-682-8138,川西　啓介,東証プライム,50億円,1949年11月,https://www.wacoal.jp/,,,,,https://www.wacoal.jp/
"SHIRORU × サウナ東京 のコラボイベントが決定！　素肌も“ととのう”人気洗顔・クレンジングを2月11日…
5時間前
SHIRORU株式会社
SHIRORU株式会社",https://prtimes.jp/main/html/rd/p/000000044.000121623.html,2026年2月10日 11時00分,SHIRORU株式会社,https://prtimes.jp/main/html/searchrlp/company_id/121623,商業（卸売業、小売業）,東京都中央区日本橋3丁目3番2号 Bizflex東京八重洲４階,-,佐藤淳吾,未上場,-,2019年10月,https://shiroru.jp,,,,,https://sauna-tokyo.jp
"ダノン ビオ®から春の新作2品が登場！「世界旅行」シリーズ第5弾・フランス編「ピーチ＆マスカット」と、復活投票…
5時間前
ダノンジャパン株式会社
ダノンジャパン株式会社",https://prtimes.jp/main/html/rd/p/000000005.000175740.html,2026年2月10日 11時00分,ダノンジャパン株式会社,https://prtimes.jp/main/html/searchrlp/company_id/175740,水産・農林業,東京都目黒区上目黒 2-1-1　中目黒 GT タワー 13F,-,ロドリゴ・リマ,未上場,-,1992年11月,http://www.danone.co.jp/,,,,,https://www.danone.co.jp/bio/
"ラックス ミモザ シリーズが2月24日（火）より登場　補修型ビタミンC誘導体※1配合処方にアップデート※2　「…
5時間前
ユニリーバ・ジャパン・カスタマーマーケティング株式会社
ユニリーバ・ジャパン・カスタマーマーケティング株式会社",https://prtimes.jp/main/html/rd/p/000000199.000086691.html,2026年2月10日 11時00分,ユニリーバ・ジャパン・カスタマーマーケティング株式会社,https://prtimes.jp/main/html/searchrlp/company_id/86691,製造業,東京都目黒区上目黒 2-1-1 中目黒GTタワー22F,-,エド・ブリオラ,未上場,-,-,-,,,,,https://www.lux.co.jp/
"2月13日発売「シナモロール×LAGOM」コラボ洗顔　各種キャンペーンを実施
5時間前
株式会社アリエルトレーディング
株式会社アリエルトレーディング",https://prtimes.jp/main/html/rd/p/000000185.000069643.html,2026年2月10日 11時00分,株式会社アリエルトレーディング,https://prtimes.jp/main/html/searchrlp/company_id/69643,商業（卸売業、小売業）,東京都渋谷区神宮前3-35-8 ハニービル青山3F,03-5786-0482,平野恵介,未上場,2500万円,2003年04月,http://www.arieltrading.co.jp,,,,,https://lagomcosmetics.jp/user_data/cinnamoroll.php
"美容液成分８８％配合！紫外線・乾燥・くずれを防ぎ１日中※１肌をまもるスキンケア級のみずみずしさとＳＰＦ５０＋ …
5時間前
株式会社伊勢半
株式会社伊勢半",https://prtimes.jp/main/html/rd/p/000001033.000002194.html,2026年2月10日 11時00分,株式会社伊勢半,https://prtimes.jp/main/html/searchrlp/company_id/2194,商業（卸売業、小売業）,東京都千代田区四番町6番11号,03-3262-3111,澤田　晴子,未上場,2億円,-,http://www.isehan.co.jp/,,,,,https://www.kissme-ferme.jp/
"Nobaton.至近距離、もっと自信。バレンタインの“新・美容習慣”
5時間前
株式会社ワールド・ジョイ
株式会社ワールド・ジョイ",https://prtimes.jp/main/html/rd/p/000000003.000174452.html,2026年2月10日 11時00分,株式会社ワールド・ジョイ,https://prtimes.jp/main/html/searchrlp/company_id/174452,商業（卸売業、小売業）,東京都江戸川区南篠崎町2-51-8,-,陽冠,未上場,500万円,2024年06月,https://www.worldjoy.co.jp/,,,,nobatonbrand@worldjoy.co.jp,https://nobaton.jp/
"発売から約2か月で累計販売数2万個突破！飲み込み型マウスウォッシュ“エムエムフローラバブル”、待望の新フレーバ…
5時間前
株式会社MUSCAT GROUP
株式会社MUSCAT GROUP",https://prtimes.jp/main/html/rd/p/000000266.000019306.html,2026年2月10日 11時00分,株式会社MUSCAT GROUP,https://prtimes.jp/main/html/searchrlp/company_id/19306,サービス業,東京都渋谷区道玄坂一丁目12番1号 渋谷マークシティウエスト20階,03-6451-1529,大久保　遼,東証グロース,2億4990万円,2016年04月,https://muscatgroup.co.jp/,,,,info@miis.ai,https://miis.ai/
"株式会社TOK、遠隔ロック解除クラッチ機構を開発
5時間前
TOK
TOK",https://prtimes.jp/main/html/rd/p/000000011.000172435.html,2026年2月10日 10時50分,TOK,https://prtimes.jp/main/html/searchrlp/company_id/172435,製造業,東京都板橋区小豆沢1-17-12,050-1720-0482,吉川桂介,未上場,1億円,1938年12月,https://tok-inc.com/,,,,,https://tok-inc.com/products/index6.html
"エゾシカから良質なプラセンタを摘出、美容健康製品の原料となる新素材「エシカプラセンタ」誕生
5時間前
合同会社つれづれ
合同会社つれづれ",https://prtimes.jp/main/html/rd/p/000000003.000175550.html,2026年2月10日 10時49分,合同会社つれづれ,https://prtimes.jp/main/html/searchrlp/company_id/175550,製造業,北海道旭川市７条通６丁目2428-13-404,0166-24-5334,齋藤桂子,未上場,10万円,2020年05月,https://turezure.biz,,,,asahikawa@turezure.biz,https://turezure.biz/
"【メイクアップフォーエバー】2025年秋に新登場したクリエイティブなメイクを叶える高発色クリームからバリエーシ…
5時間前
エル・シー・エス株式会社
エル・シー・エス株式会社",https://prtimes.jp/main/html/rd/p/000000111.000019175.html,2026年2月10日 10時40分,エル・シー・エス株式会社,https://prtimes.jp/main/html/searchrlp/company_id/19175,商業（卸売業、小売業）,東京都千代田区平河町2-1-1 住友不動産平河町ビル,03-3263-9321,フェリックス・ランゲンバッハ,未上場,-,-,https://www.makeupforever.com/jp/jp,,,,,https://www.makeupforever.com/jp/jp
"【イルミルド株式会社】「Amazon.co.jp マーケットプレイスアワード2025」にて「タイムセール賞」を…
6時間前
イルミルド株式会社
イルミルド株式会社",https://prtimes.jp/main/html/rd/p/000000155.000037416.html,2026年2月10日 10時30分,イルミルド株式会社,https://prtimes.jp/main/html/searchrlp/company_id/37416,商業（卸売業、小売業）,大阪府大阪市北区大深町3-1 グランフロント大阪北館6F,06-7638-6623,西俊彦,未上場,800万円,2014年10月,http://elumild.com/,,,,pr@elumild.com,https://www.amazon.co.jp/b/?ie=UTF8&node=206875745051&ref_=spr26
"【マイリトルボックス 2月号】フランス発の皮膚科学に基づいたスキンケアブランド「ビオデルマ」とのスペシャルコラ…
6時間前
My Little Box Japan 株式会社
My Little Box Japan 株式会社",https://prtimes.jp/main/html/rd/p/000000206.000009863.html,2026年2月10日 10時30分,My Little Box Japan 株式会社,https://prtimes.jp/main/html/searchrlp/company_id/9863,情報通信,東京都渋谷区神宮前4-14-9 ゼファ表参道テラス2F-3F,03-6427-1918,セリーヌ・オージュバン,未上場,950万円,-,http://www.mylittlebox.jp,,,,partner@mylittlebox.jp,https://www.mylittlebox.jp
"アンドロゲン受容体（AR）を標的とする“頭皮環境”に着目したスカルプケア、CosmeRNA（コスメRNA）日本…
6時間前
ＶＩＵＭ
ＶＩＵＭ",https://prtimes.jp/main/html/rd/p/000000020.000150388.html,2026年2月10日 10時30分,ＶＩＵＭ,https://prtimes.jp/main/html/searchrlp/company_id/150388,商業（卸売業、小売業）,東京都品川区東大井5-14-16,03-4560-0040,橘　里奈,未上場,-,2024年04月,https://lhalala.vium.co.jp/,,,,info@vium.co.jp,https://lhalala.vium.co.jp/
"【新感覚スイーツ】食の制限があるヴィーガンの方にも！
6時間前
株式会社浪速工作所
株式会社浪速工作所",https://prtimes.jp/main/html/rd/p/000000004.000101151.html,2026年2月10日 10時30分,株式会社浪速工作所,https://prtimes.jp/main/html/searchrlp/company_id/101151,製造業,大阪府堺市南区高尾 3－3287－2,072-271-5931,谷本和考,未上場,1000万円,1946年12月,https://naniwakousaku.co.jp/,,,,,https://wanoshoku.biz/
"【採用戦略連携健康経営】経営戦略と連携した採用設計でプレゼンティーイズム課題に対応
6時間前
フラクタルワークアウト株式会社
フラクタルワークアウト株式会社",https://prtimes.jp/main/html/rd/p/000000051.000118106.html,2026年2月10日 10時20分,フラクタルワークアウト株式会社,https://prtimes.jp/main/html/searchrlp/company_id/118106,サービス業,東京都渋谷区神宮前1-14-34 原宿神宮の森4F,03-6721-0255,高瀬雅弘,未上場,5000万円,2020年04月,https://fractal-workout.com/,,,,contact-bp@fractal-workout.jp,https://body-palette.com/
"歯を守りながら、本来の輝きへ。100%天然由来のホワイトニング*1歯磨き粉2026年2月16日「MYNT Co…
6時間前
株式会社アルファネット
株式会社アルファネット",https://prtimes.jp/main/html/rd/p/000000119.000001587.html,2026年2月10日 10時16分,株式会社アルファネット,https://prtimes.jp/main/html/searchrlp/company_id/1587,サービス業,東京都渋谷区桜丘町10-4 7F,03-5458-5232,中山哲史,未上場,-,-,http://www.alphanet-inc.jp,,,,pr@alphanet-inc.jp,https://myntcollection.jp/
"【2月16日開催】「インド・アジアでヘルスケア事業を成立させるには?― 現地PoCから読み解く、アジアの健康ニ…
6時間前
Flora株式会社
Flora株式会社",https://prtimes.jp/main/html/rd/p/000000071.000072971.html,2026年2月10日 10時00分,Flora株式会社,https://prtimes.jp/main/html/searchrlp/company_id/72971,情報通信,京都府京都市左京区吉田橘町 32番地,-,クレシェンコ 　アンナ,未上場,1億5620万円,2020年12月,https://biz.flora-tech.jp/ja,,,,admin@floramaternity.com,https://biz.flora-tech.jp/ja
"2月25日(水)開催！セミナー「【好評につき再放送！】～健康経営推進の注目テーマ～ 企業が取り組むべき『女性特…
6時間前
MBK Wellness 株式会社
MBK Wellness 株式会社",https://prtimes.jp/main/html/rd/p/000000083.000071351.html,2026年2月10日 10時00分,MBK Wellness 株式会社,https://prtimes.jp/main/html/searchrlp/company_id/71351,サービス業,東京都港区新橋一丁目1－1　日比谷ビルディング7階,03-4333-1700,平塚　徹,未上場,1億円,1946年06月,https://www.hokendohjin.co.jp/,,,,hkd-inside@hkdft.com,https://www.mbk-wellness.co.jp
"高崎市産白加賀梅シャンプー・トリートメント「tezmi（テヅミ）」、お試しパウチ販売を開始！楽天市場での取り扱…
6時間前
群栄化学工業㈱
群栄化学工業㈱",https://prtimes.jp/main/html/rd/p/000000009.000005436.html,2026年2月10日 10時00分,群栄化学工業㈱,https://prtimes.jp/main/html/searchrlp/company_id/5436,製造業,群馬県高崎市宿大類町700番地,027-353-1800,有田　喜一郎,東証1部,50億円,1946年01月,https://www.gunei-chemical.co.jp/index.html,,,,,https://www.rakuten.co.jp/gcistore/
"全天候型ウェザーケアブランド「SOLA WEATHER CARE」が、2026年2月17日(火)より順次全国で…
6時間前
株式会社ヴィークレア
株式会社ヴィークレア",https://prtimes.jp/main/html/rd/p/000000204.000022090.html,2026年2月10日 10時00分,株式会社ヴィークレア,https://prtimes.jp/main/html/searchrlp/company_id/22090,製造業,東京都港区北青山3-6-7 明治安田生命青山パラシオ5階,-,岸野洋之,-,-,-,-,,,,,
"【2026年2月10日新発売】極細0.9mm芯でナチュラルな垢抜け眉に!　ほんのり赤みのある格上げカラー「ロイ…
6時間前
株式会社スタイリングライフ・ホールディングス　BCLカンパニー
株式会社スタイリングライフ・ホールディングス　BCLカンパニー",https://prtimes.jp/main/html/rd/p/000000495.000038303.html,2026年2月10日 10時00分,株式会社スタイリングライフ・ホールディングス　BCLカンパニー,https://prtimes.jp/main/html/searchrlp/company_id/38303,製造業,東京都新宿区北新宿2-21-1 新宿フロントタワー27Ｆ,-,大村和重,未上場,-,-,https://www.bcl-brand.jp/,,,,,https://www.bcl-brand.jp/brand/browlash/
"アン ミカ特別コラボ企画も登場！ルクア大阪がコスメイベント「LUCUA COSME FES」を開催
6時間前
JR西日本SC開発株式会社
JR西日本SC開発株式会社",https://prtimes.jp/main/html/rd/p/000000208.000014414.html,2026年2月10日 10時00分,JR西日本SC開発株式会社,https://prtimes.jp/main/html/searchrlp/company_id/14414,商業（卸売業、小売業）,大阪府大阪市北区梅田3-1-3,-,竹中 靖,未上場,-,-,https://www.lucua.jp/,,,,,https://www.make-me.co.jp/lucua
"【楽天ショップ・オブ・ザ・マンス受賞】WHITH WHITE（フィスホワイト)が2025年12月度の月間MVP…
6時間前
イルミルド株式会社
イルミルド株式会社",https://prtimes.jp/main/html/rd/p/000000154.000037416.html,2026年2月10日 10時00分,イルミルド株式会社,https://prtimes.jp/main/html/searchrlp/company_id/37416,商業（卸売業、小売業）,大阪府大阪市北区大深町3-1 グランフロント大阪北館6F,06-7638-6623,西俊彦,未上場,800万円,2014年10月,http://elumild.com/,,,,pr@elumild.com,https://event.rakuten.co.jp/somshop/2026/0126/index.html
"「InRed 美容家電大賞2025-2026」にてスカルプD ネクストプラス　スタイルエレブラシがヘア家電部門…
6時間前
アンファー株式会社
アンファー株式会社",https://prtimes.jp/main/html/rd/p/000000695.000013377.html,2026年2月10日 10時00分,アンファー株式会社,https://prtimes.jp/main/html/searchrlp/company_id/13377,製造業,東京都千代田区丸の内2-7-2 JPタワー26F,03-3213-8882,𠮷田南音,未上場,-,1987年10月,https://www.angfa.jp/,,,,,https://scalp-d.angfa-store.jp/brand/next_plus/
"【健康経営セミナー】健康経営寺子屋　～「機能の数」の罠：3年後に工数を倍増させないシステム導入術～　2026年…
6時間前
FiNC Technologies
FiNC Technologies",https://prtimes.jp/main/html/rd/p/000000377.000027329.html,2026年2月10日 10時00分,FiNC Technologies,https://prtimes.jp/main/html/searchrlp/company_id/27329,サービス業,東京都千代田区神田錦町2丁目2-1 KANDA SQUARE 11F,-,小島かおり,未上場,-,2012年04月,https://finc.com/,,,,well-being@finc.com,https://finc.com/app
"“食べられなかった海藻”が、花粉症対策の新素材に！隠岐・西ノ島発、ツルアラメの機能性表示食品
6時間前
株式会社たかくら新産業
株式会社たかくら新産業",https://prtimes.jp/main/html/rd/p/000000046.000019463.html,2026年2月10日 10時00分,株式会社たかくら新産業,https://prtimes.jp/main/html/searchrlp/company_id/19463,商業（卸売業、小売業）,東京都港区西麻布2-13-6 K's西麻布3F,03-5466-3920,高倉健,未上場,3000万円,-,http://www.takakura.co.jp/,,,,,https://tsuruarame.jp/
"20代女性チームによるフェムテックブランド「BiBiO（ビビオ）」Femtech Japan Award 20…
6時間前
株式会社AQUA WEDGE
株式会社AQUA WEDGE",https://prtimes.jp/main/html/rd/p/000000004.000102617.html,2026年2月10日 10時00分,株式会社AQUA WEDGE,https://prtimes.jp/main/html/searchrlp/company_id/102617,商業（卸売業、小売業）,東京都神宮前5-6-4,-,町田弥生,未上場,440万円,2020年09月,https://a-wedge.com/,,,,machida@a-wedge.com,https://femtech-japan.com/news/n25120501/
"新日本製薬、世界初・特許取得を含む4種の独自コラーゲンで毛穴目立ちを改善 ～新たに「表皮細胞を収縮させる作用」…
6時間前
新日本製薬 株式会社
新日本製薬 株式会社",https://prtimes.jp/main/html/rd/p/000000397.000036592.html,2026年2月10日 10時00分,新日本製薬 株式会社,https://prtimes.jp/main/html/searchrlp/company_id/36592,商業（卸売業、小売業）,福岡県福岡市中央区大手門1丁目4-7,092-720-5800,後藤 孝洋,東証プライム,41億5800万円,1992年03月,https://corporate.shinnihonseiyaku.co.jp/,,,,,https://corporate.shinnihonseiyaku.co.jp/rd/＞
"森下仁丹、未来医療国際拠点「Nakanoshima Qross(中之島クロス)」内に 「Jintan中之島ラボ…
6時間前
森下仁丹株式会社
森下仁丹株式会社",https://prtimes.jp/main/html/rd/p/000000262.000035073.html,2026年2月10日 10時00分,森下仁丹株式会社,https://prtimes.jp/main/html/searchrlp/company_id/35073,製造業,大阪市中央区玉造1丁目2番40号,06-6761-1131,森下雄司,東証スタンダード,35億3740万円,1936年11月,https://www.jintan.co.jp/,,,,,https://www.jintan.co.jp/
"プロ・フィッツ、2月13日(金)・14日(土)開催の「京都マラソン2026」ブースに出展
6時間前
ピップ株式会社
ピップ株式会社",https://prtimes.jp/main/html/rd/p/000000482.000034803.html,2026年2月10日 10時00分,ピップ株式会社,https://prtimes.jp/main/html/searchrlp/company_id/34803,製造業,大阪府大阪市中央区農人橋二丁目1番36号,-,松浦 由治,未上場,2億7000万円,1946年12月,http://www.pipjapan.co.jp/,,,,,https://www.pipjapan.co.jp/products/
"【2/28開催】「東京心理学フェスティバル2026」2月28日（土）永田町・星陵会館で開催
6時間前
認知行動コンサルティングオフィス
認知行動コンサルティングオフィス",https://prtimes.jp/main/html/rd/p/000000001.000177414.html,2026年2月10日 10時00分,認知行動コンサルティングオフィス,https://prtimes.jp/main/html/searchrlp/company_id/177414,サービス業,-,-,岩野卓,未上場,100万円,2023年04月,https://cb-consulting.site/,,,,bacchikoipsychology@gmail.com,https://cb-consulting.site/tokyo2026
"カフェとバーを併設した、新しい形のビジネスパーソン向け美容室
6時間前
株式会社Bizsmith
株式会社Bizsmith",https://prtimes.jp/main/html/rd/p/000000018.000148466.html,2026年2月10日 10時00分,株式会社Bizsmith,https://prtimes.jp/main/html/searchrlp/company_id/148466,情報通信,東京都中央区日本橋蛎殻町1丁目13-1 ユニゾ蛎殻町北島ビルB1F,-,森亮太,未上場,500万円,2023年09月,https://biz-smith.com/,,,,contact@biz-smith.com,https://hairlounges.com/
"【MYTREX】小松菜奈さんがREBIVEシリーズイメージキャラクター就任2年目を迎え、新ビジュアル公開！“進…
6時間前
株式会社 創通メディカル
株式会社 創通メディカル",https://prtimes.jp/main/html/rd/p/000000174.000047658.html,2026年2月10日 10時00分,株式会社 創通メディカル,https://prtimes.jp/main/html/searchrlp/company_id/47658,商業（卸売業、小売業）,福岡県福岡市博多区博多駅南3-1-10 アーバンセンター博多5F,092-260-7366,薛　明鶴,未上場,-,2017年09月,https://www.st-medical.jp/,,,,,https://mytrex.jp/rebive-series/
"「Qoo10 AWARDS 2025」受賞速報 ANLANが家電部門にて4度目の栄冠を達成！
6時間前
ANLAN Japan株式会社
ANLAN Japan株式会社",https://prtimes.jp/main/html/rd/p/000000126.000072680.html,2026年2月10日 10時00分,ANLAN Japan株式会社,https://prtimes.jp/main/html/searchrlp/company_id/72680,商業（卸売業、小売業）,東京都江東区青海三丁目2番17号ワールド流通センター伊勢湾 69号,080-3733-3931,何世准,未上場,-,2019年05月,https://www.anlan.co.jp/,,,,,https://www.qoo10.jp/g/1099512320
"寝ている時間を、全身のメンテナンス時間へ【昭和西川】のリカバリーウェア「TOTONOU Body Care」が…
6時間前
昭和西川株式会社
昭和西川株式会社",https://prtimes.jp/main/html/rd/p/000000327.000031377.html,2026年2月10日 10時00分,昭和西川株式会社,https://prtimes.jp/main/html/searchrlp/company_id/31377,製造業,東京都中央区日本橋浜町1-4-15,03-6858-5670,西川惠,未上場,4000万円,1942年11月,http://www.showanishikawa.co.jp/,,,,,https://www.nishikawa-store.com/pages/recoverywear
"産官学のフロントランナーが集結！「アップサイクル会議！！」を2月24日に開催
6時間前
株式会社オリゼ
株式会社オリゼ",https://prtimes.jp/main/html/rd/p/000000121.000087241.html,2026年2月10日 10時00分,株式会社オリゼ,https://prtimes.jp/main/html/searchrlp/company_id/87241,商業（卸売業、小売業）,東京都目黒区大橋 2丁目6-12 佐藤フラッツ301,-,小泉泰英,未上場,9000万円,2018年05月,https://www.oryzae.site/,,,,info@oryzae.site,https://www.oryzae.site/
"【新・化粧品原料】大賞受賞！*¹ 海洋の生命力から生まれたエイジングケア原料『ルセアン』が肌防御と再生の概念を…
6時間前
クローダジャパン株式会社
クローダジャパン株式会社",https://prtimes.jp/main/html/rd/p/000000026.000088166.html,2026年2月10日 10時00分,クローダジャパン株式会社,https://prtimes.jp/main/html/searchrlp/company_id/88166,製造業,西新宿3丁目7番1号 新宿パークタワー11階,03-6258-1910,リュー ヨンチュアン,未上場,2億7640万円,1966年11月,https://www.croda.com/,,,,info-tec@croda.com,https://www.crodabeauty.com/ja-jp/products/product/5783-luceane
"東京都小金井市と「高齢者等の見守りに関する協定」を締結
6時間前
株式会社ルネサンス
株式会社ルネサンス",https://prtimes.jp/main/html/rd/p/000000407.000027019.html,2026年2月10日 10時00分,株式会社ルネサンス,https://prtimes.jp/main/html/searchrlp/company_id/27019,サービス業,東京都墨田区両国2-10-14 両国シティコア3F,03-5600-5411,望月 美佐緒,東証プライム,32億1035万円,1982年08月,https://www.s-renaissance.co.jp/,,,,,https://www.sportsoasis.co.jp/sh64/
"難溶性素材の水溶化技術と受託加工をご紹介します！「食品開発展プレゼンフォートナイト2026 冬」でオンデマンド…
6時間前
第一工業製薬株式会社
第一工業製薬株式会社",https://prtimes.jp/main/html/rd/p/000000155.000073630.html,2026年2月10日 10時00分,第一工業製薬株式会社,https://prtimes.jp/main/html/searchrlp/company_id/73630,製造業,京都市南区東九条上殿田町48番地2,075-276-3027,山路直貴,東証プライム,88億9500万円,1918年08月,https://www.dks-web.co.jp/,,,,d-kouhou@dks-web.co.jp,https://hijapan.info/search/
"【愛媛・東予エリア初上陸】独自技術「コアバランスストレッチ」を提供するストレッチ専門店　ストレッチ専門店『Dr…
7時間前
株式会社nobitel
株式会社nobitel",https://prtimes.jp/main/html/rd/p/000000255.000012643.html,2026年2月10日 09時00分,株式会社nobitel,https://prtimes.jp/main/html/searchrlp/company_id/12643,サービス業,東京都新宿区大京町22番地１ グランファースト新宿御苑2階,03-5315-0365,黒川将大,未上場,4億8015万円,1993年10月,https://corporate.nobitel.co.jp/,,,,,https://lp.doctorstretch.com/campaign/newopen/aeonmall-niihama/
"株式会社KINS、女性のライフステージに寄り添う腟内環境に着目したサプリメントをクリニック専売で新発売
7時間前
株式会社KINS
株式会社KINS",https://prtimes.jp/main/html/rd/p/000000119.000048644.html,2026年2月10日 09時00分,株式会社KINS,https://prtimes.jp/main/html/searchrlp/company_id/48644,サービス業,東京都江東区 新木場一丁目17番8号3階,-,下川穣,未上場,5億7494万円,2018年10月,https://yourkins.com/,,,,,https://medical.yourkins.com/
"ジールス、アテニアに化粧品業界初※となる音声対応の接客AIエージェントを導入
7時間前
ZEALS
ZEALS",https://prtimes.jp/main/html/rd/p/000000185.000019209.html,2026年2月10日 09時00分,ZEALS,https://prtimes.jp/main/html/searchrlp/company_id/19209,情報通信,東京都目黒区下目黒1-8-1 アルコタワー6F,03-5719-2133,清水正大,未上場,1億円,2014年04月,http://zeals.co.jp/,,,,,https://zeals.ai/jp/
"京都フィナンシャルグループがLifeFit法人プランをグループ全体で採用
7時間前
株式会社FiT
株式会社FiT",https://prtimes.jp/main/html/rd/p/000000078.000071368.html,2026年2月10日 09時00分,株式会社FiT,https://prtimes.jp/main/html/searchrlp/company_id/71368,サービス業,京都府京都市中京区河原町通二条下ル一之船入町537番地20 FIS御池ビル405,075-777-1226,加藤恵多,未上場,1000万円,2020年12月,https://fitinc.jp,,,,pr@fitinc.jp,https://fitinc.jp/lp/houjin_plan
"ルー大柴さんとAPAコーポレーションがイメージキャラクター契約を締結
7時間前
株式会社APAコーポレーション
株式会社APAコーポレーション",https://prtimes.jp/main/html/rd/p/000000002.000143109.html,2026年2月10日 09時00分,株式会社APAコーポレーション,https://prtimes.jp/main/html/searchrlp/company_id/143109,商業（卸売業、小売業）,西尾市丁田町落35-3,0563-65-0033,岡田 憲己,-,-,-,-,,,,carinomasuda@gmail.com,http://www.carino-models.com/lou/index.html
"高速連続照射×冷却機能で、スピードも心地よさも叶える光美容器。「ReFa EPI GO COOL（リファエピ …
7時間前
株式会社MTG
株式会社MTG",https://prtimes.jp/main/html/rd/p/000000855.000029736.html,2026年2月10日 09時00分,株式会社MTG,https://prtimes.jp/main/html/searchrlp/company_id/29736,製造業,愛知県名古屋市中村区本陣通4-13 MTG 第2HIKARIビル,052-307-7890,松下 剛,東証グロース,167億円,1996年01月,https://www.mtg.gr.jp/,,,,,https://item.rakuten.co.jp/mtgec-beauty/4008420101/
"京都の染物が大阪・堀江で芽吹く。父と娘が紡ぐ、welalaの風呂敷ラッピング『春包（はるづつみ）』
7時間前
株式会社ｂｅｓｔ
株式会社ｂｅｓｔ",https://prtimes.jp/main/html/rd/p/000000014.000117918.html,2026年2月10日 09時00分,株式会社ｂｅｓｔ,https://prtimes.jp/main/html/searchrlp/company_id/117918,商業（卸売業、小売業）,大阪府大阪市北区豊崎３－１８－３ ２６０２,06-6535-8822,鈴木実麻,未上場,500万円,2018年02月,https://osaka-best.com/company/,,,,contact@osaka-best.com,https://welala-horie.com
"大阪美容専門学校×カラフルスクリーム ヘアメイク＆ライブパフォーマンス 開催報告
7時間前
ハイエンド株式会社
ハイエンド株式会社",https://prtimes.jp/main/html/rd/p/000000003.000160718.html,2026年2月10日 09時00分,ハイエンド株式会社,https://prtimes.jp/main/html/searchrlp/company_id/160718,情報通信,大阪府大阪市中央区本町2-3-4-4F,06-6786-8832,八田　聡,未上場,200万円,2021年10月,https://bizrhythm.jp/,,,,hatta@hiend.co.jp,https://bizrhythm.jp/
"2026.2.5 debut 甘やかに桜香り、喜びで満たされて。みずみずしく潤うボディミルクが登場。
7時間前
株式会社ジョンマスターオーガニックグループ
株式会社ジョンマスターオーガニックグループ",https://prtimes.jp/main/html/rd/p/000000366.000011608.html,2026年2月10日 08時51分,株式会社ジョンマスターオーガニックグループ,https://prtimes.jp/main/html/searchrlp/company_id/11608,商業（卸売業、小売業）,東京都目黒区大橋1-6-13 STUMPS IKEJIRI OHASHI 2F,050-3358-4640,大滝 雄一郎,未上場,-,-,http://www.johnmasters.jp,,,,,https://johnmastersorganics.jp/
"【大橋】マシンピラティス「ルルピラ」新規オープン｜マンツーマン×子連れOKで初心者も安心／姿勢改善・産後ケアに
7時間前
株式会社スマイルアカデミー
株式会社スマイルアカデミー",https://prtimes.jp/main/html/rd/p/000000169.000020010.html,2026年2月10日 08時40分,株式会社スマイルアカデミー,https://prtimes.jp/main/html/searchrlp/company_id/20010,サービス業,福岡県福岡市中央区薬院1-10-5 shin-yakuin105 301号,092-707-1630,中込智喜,未上場,750万円,2013年05月,https://smile-make-smile.com/,,,,,https://bodyhackerslab.com/lulupilates/f-ohashi/
"薬機法知恵袋のQ&Aが400件を突破！景品表示法や特定商取引法も充実
8時間前
株式会社UOCC
株式会社UOCC",https://prtimes.jp/main/html/rd/p/000000053.000070676.html,2026年2月10日 08時30分,株式会社UOCC,https://prtimes.jp/main/html/searchrlp/company_id/70676,情報通信,東京都武蔵野市吉祥寺本町2丁目8番4号 i-office吉祥寺,-,喜多村是孝,未上場,-,2016年07月,https://uocc.co.jp/,,,,,https://yakujihou-marketing.net/
"＜知らなければ年間1200万円の損失！？～脳卒中予防セミナーをオーエス株式会社での導入事例紹介公開～＞
8時間前
医療法人香庸会
医療法人香庸会",https://prtimes.jp/main/html/rd/p/000000002.000175492.html,2026年2月10日 08時00分,医療法人香庸会,https://prtimes.jp/main/html/searchrlp/company_id/175492,医療・福祉,大阪府枚方市香里園町9-25-202,-,川口琢也,未上場,-,-,https://kawaguchi-ns.com/,,,,kawaguchi.ns.reha049@gmail.com,https://lin.ee/OOhcxz4
"マシンピラティススタジオ「Celestia（セレスティア）」は全国14店舗目となる札幌店を2月1日にオープン！
9時間前
株式会社クリア
株式会社クリア",https://prtimes.jp/main/html/rd/p/000000046.000152893.html,2026年2月10日 07時20分,株式会社クリア,https://prtimes.jp/main/html/searchrlp/company_id/152893,サービス業,東京都渋谷区恵比寿4-20-3 恵比寿ガーデンプレイスタワー34階,03-6628-5353,勝沼潤,未上場,2603万円,2013年10月,https://mensclear.com/company/,,,,,https://celes-pilates.jp/
"京都初。高タイパ！高コスパ！食す美容液「すっぽん湯豆腐」誕生。日本のお客様も納得できる嵐山ランチを日本料理３０…
13時間前
株式会社　嵯峨美研
株式会社　嵯峨美研",https://prtimes.jp/main/html/rd/p/000000006.000074549.html,2026年2月10日 03時33分,株式会社　嵯峨美研,https://prtimes.jp/main/html/searchrlp/company_id/74549,サービス業,嵯峨観空寺岡崎町２３－１,-,田中厚史,未上場,-,-,https://www.arashiyama-tanaka.jp/,,,,info@sagabiken.kyoto,https://maps.app.goo.gl/emrF15CgmEbEs35L6
"高血圧対策！減塩レシピ本「FUJIEDA LOW SALT RECIPE BOOK」を作成
21時間前
藤枝市役所
藤枝市役所",https://prtimes.jp/main/html/rd/p/000000261.000109487.html,2026年2月9日 19時02分,藤枝市役所,https://prtimes.jp/main/html/searchrlp/company_id/109487,官公庁・地方自治体,静岡県藤枝市岡出山1-11-1,054-643-3111,北村正平,未上場,-,-,https://www.city.fujieda.shizuoka.jp/,,,,,https://www.city.fujieda.shizuoka.jp/soshiki/sukoyaka/kenkokikaku/oshirase/26782.html
"アイ カラー クォード がリニューアル。 名品アイシャドウを再構築し、シーンや好みによって選べる３種のフォーミ…
21時間前
トム フォード ビューティ
トム フォード ビューティ",https://prtimes.jp/main/html/rd/p/000000073.000081674.html,2026年2月9日 18時53分,トム フォード ビューティ,https://prtimes.jp/main/html/searchrlp/company_id/81674,商業（卸売業、小売業）,東京都千代田区丸の内3丁目2番3号 丸の内二重橋ビルディング 20階,03-6625-1111,-,未上場,-,-,-,,,,,
"第9回茨城テックプラングランプリにてフォーカスシステムズ賞受賞
22時間前
株式会社Ani-lience
株式会社Ani-lience",https://prtimes.jp/main/html/rd/p/000000012.000157152.html,2026年2月9日 18時30分,株式会社Ani-lience,https://prtimes.jp/main/html/searchrlp/company_id/157152,商業（卸売業、小売業）,神奈川県横浜市中区相生町3-60 泰生ビル311,-,実広亜希子,未上場,-,2024年05月,https://www.ani-lience.com/,,,,,https://techplanter.lne.st/2026/02/09/9th-ibaraki_tpg_result/より引用
"自治体予算に依存しない『健康・介護予防ポイント』を目指す！『逆プロポ』にて、実証・導入自治体を募集開始
22時間前
ベスプラ
ベスプラ",https://prtimes.jp/main/html/rd/p/000000157.000007987.html,2026年2月9日 18時07分,ベスプラ,https://prtimes.jp/main/html/searchrlp/company_id/7987,情報通信,東京都渋谷区神宮前5-18-10 エクサスペース3C,-,遠山陽介,未上場,500万円,2012年04月,https://www.bspr.co.jp,,,,gyaku-propo@socialx.inc,https://gyaku-propo.com/）を活用しています。
"渡韓せずに韓国美容医療の相談が可能！バビトーク、東京でK-美容医療の大規模無料相談会を開催
22時間前
BABITALK CO., LTD.
BABITALK CO., LTD.",https://prtimes.jp/main/html/rd/p/000000018.000166142.html,2026年2月9日 17時36分,"BABITALK CO., LTD.",https://prtimes.jp/main/html/searchrlp/company_id/166142,商業（卸売業、小売業）,"363, Gangnam-daero, Seocho-gu, Seoul, Republic of Korea 11F, Gangnam Tower",-,シン・ジョンイン,未上場,-,2021年05月,https://web.babitalk.com/ja,,,,,https://web.babitalk.com/ja/posts/49）より受け付けています。
"CVC、マンダムに対する公開買付けに関する訂正届出書を提出
23時間前
シーヴィーシー・アジア・パシフィック・ジャパン株式会社
シーヴィーシー・アジア・パシフィック・ジャパン株式会社",https://prtimes.jp/main/html/rd/p/000000003.000053008.html,2026年2月9日 17時27分,シーヴィーシー・アジア・パシフィック・ジャパン株式会社,https://prtimes.jp/main/html/searchrlp/company_id/53008,金融・保険業,東京都千代田区霞が関 霞が関ビル３２階,-,赤池　敦史,未上場,-,-,https://www.cvc.com/,,,,,https://www.cvc.com/
"【感情は、香りで操る】成功者が密かに実践する“精神のチューニング”。古代叡智とフランキンセンスが融合した『Fr…
23時間前
有限会社 西欧館
有限会社 西欧館",https://prtimes.jp/main/html/rd/p/000000007.000176360.html,2026年2月9日 17時06分,有限会社 西欧館,https://prtimes.jp/main/html/searchrlp/company_id/176360,製造業,宮城県仙台市青葉区大町一丁目1-1-18 西欧館ビル 最上階,022-797-5292,吉田顕二郎,未上場,1000万円,1980年05月,https://www.seiokan.net/,,,,,https://www.seiokan.net/frank-veda
"【2026年2月9日新発売】夜の美容プロテイン「オヤスミタンパク」から、たっぷり大容量タイプにマンゴー味・宇治…
23時間前
株式会社スタイリングライフ・ホールディングス　BCLカンパニー
株式会社スタイリングライフ・ホールディングス　BCLカンパニー",https://prtimes.jp/main/html/rd/p/000000512.000038303.html,2026年2月9日 17時00分,株式会社スタイリングライフ・ホールディングス　BCLカンパニー,https://prtimes.jp/main/html/searchrlp/company_id/38303,製造業,東京都新宿区北新宿2-21-1 新宿フロントタワー27Ｆ,-,大村和重,未上場,-,-,https://www.bcl-brand.jp/,,,,,https://www.bcl-brand.jp/special/oyasumitanpaku/
"SAUNA SAKURADO 開業1周年記念イベントを開催
23時間前
株式会社 サクラグループHOLDINGS.
株式会社 サクラグループHOLDINGS.",https://prtimes.jp/main/html/rd/p/000000007.000156744.html,2026年2月9日 16時50分,株式会社 サクラグループHOLDINGS.,https://prtimes.jp/main/html/searchrlp/company_id/156744,サービス業,福岡県福岡市博多区店屋町 4-16 土居ビル5階,0120-277-227,松岡 三貴,未上場,1000万円,2017年06月,https://sakura-grp-hd.co.jp/,,,,,https://sauna-sakurado.spa/
"【新ブランド誕生】「誰かのための美しさ」ではなく、「自分のための心地よさ」を。E.meが思想を刷新し、インナー…
23時間前
Fun Standard株式会社
Fun Standard株式会社",https://prtimes.jp/main/html/rd/p/000000843.000079792.html,2026年2月9日 16時36分,Fun Standard株式会社,https://prtimes.jp/main/html/searchrlp/company_id/79792,製造業,福岡県大野城市紫台16-6 パセオ南ヶ丘 1F 1001,092-558-3798,大屋良介　笹森広貴,未上場,1000万円,2013年04月,https://www.funstandard.jp/,,,,,https://www.rakuten.co.jp/e-me-store/
